FirstCamera,SecondCamera,ThirdCamera,LidarData,LeftEngine,RightEngine
0x00000000,0x00000000,0x000000000000000000000000,lidar_data/lidar_data_1.csv,0,0
0x00000000,0x00000000,0x000000000000000000000000,lidar_data/lidar_data_2.csv,0,0
0x00000000,0x00000000,0x000000000000000000000000,lidar_data/lidar_data_3.csv,0,0
0x00000000,0x00000000,0x000000000000000000000000,lidar_data/lidar_data_4.csv,0,0
0x00000000,0x00000000,0x000000000000000000000000,lidar_data/lidar_data_5.csv,0,0
0x00000000,0x00000000,0x000000000000000000000000,lidar_data/lidar_data_6.csv,0,0
0x00000000,0x00000000,0x000000000000000000000000,lidar_data/lidar_data_7.csv,0,0
0x00000000,0x00000000,0x000000000000000000000000,lidar_data/lidar_data_8.csv,0,0
0x00000000,0x00000000,0x000000000000000000000000,lidar_data/lidar_data_9.csv,0,0
0x00000000,0x00000000,0x000000000000000000000000,lidar_data/lidar_data_10.csv,0,0
0x00000000,0x00000000,0x000000000000000000000000,lidar_data/lidar_data_11.csv,0,0
0x00000000,0x00000000,0x000000000000000000000000,lidar_data/lidar_data_12.csv,0,0
0x00000000,0x00000000,0x000000000000000000000000,lidar_data/lidar_data_13.csv,0,0
0x00000000,0x00000000,0x000000000000000000000000,lidar_data/lidar_data_14.csv,0,0
0x00000000,0x00000000,0x000000000000000000000000,lidar_data/lidar_data_15.csv,0,0
0x00000000,0x00000000,0x000000000000000000000000,lidar_data/lidar_data_16.csv,0,0
0x00000000,0x00000000,0x000000000000000000000000,lidar_data/lidar_data_17.csv,0,0
0x00000000,0x00000000,0x000000000000000000000000,lidar_data/lidar_data_18.csv,0,0
0x00000000,0x00000000,0x000000000000000000000000,lidar_data/lidar_data_19.csv,0,0
0x00000000,0x00000000,0x000000000000000000000000,lidar_data/lidar_data_20.csv,0,0
0x00000000,0x00000000,0x000000000000000000000000,lidar_data/lidar_data_21.csv,0,0
0x00000000,0x00000000,0x000000000000000000000000,lidar_data/lidar_data_22.csv,0,0
0x00000000,0x00000000,0x000000000000000000000000,lidar_data/lidar_data_23.csv,0,0
0x00000000,0x00000000,0x000000000000000000000000,lidar_data/lidar_data_24.csv,0,0
0x00000000,0x00000000,0x000000000000000000000000,lidar_data/lidar_data_25.csv,0,0
0x00000000,0x00000000,0x000000000000000000000000,lidar_data/lidar_data_26.csv,0,0
0x00000000,0x00000000,0x000000000000000000000000,lidar_data/lidar_data_27.csv,0,0
0x00000000,0x00000000,0x000000000000000000000000,lidar_data/lidar_data_28.csv,0,0
0x00000000,0x00000000,0x000000000000000000000000,lidar_data/lidar_data_29.csv,0,0
0x00000000,0x00000000,0x000000000000000000000000,lidar_data/lidar_data_30.csv,0,0
0x00000000,0x00000000,0x000000000000000000000000,lidar_data/lidar_data_31.csv,0,0
0x00000000,0x00000000,0x000000000000000000000000,lidar_data/lidar_data_32.csv,0,0
0x00000000,0x00000000,0x000000000000000000000000,lidar_data/lidar_data_33.csv,0,0
0x00000000,0x00000000,0x000000000000000000000000,lidar_data/lidar_data_34.csv,0,0
0x00000000,0x00000000,0x000000000000000000000000,lidar_data/lidar_data_35.csv,0,0
0x00000000,0x00000000,0x000000000000000000000000,lidar_data/lidar_data_36.csv,0,0
0x00000000,0x00000000,0x000000000000000000000000,lidar_data/lidar_data_37.csv,0,0
0x00000000,0x00000000,0x000000000000000000000000,lidar_data/lidar_data_38.csv,0,0
0x00000000,0x00000000,0x000000000000000000000000,lidar_data/lidar_data_39.csv,0,0
0x00000000,0x00000000,0x000000000000000000000000,lidar_data/lidar_data_40.csv,0,0
0x00000000,0x00000000,0x000000000000000000000000,lidar_data/lidar_data_41.csv,0,0
0x00000000,0x00000000,0x000000000000000000000000,lidar_data/lidar_data_42.csv,0,0
0x00000000,0x00000000,0x000000000000000000000000,lidar_data/lidar_data_43.csv,0,0
0x00000000,0x00000000,0x000000000000000000000000,lidar_data/lidar_data_44.csv,0,0
0x00000000,0x00000000,0x000000000000000000000000,lidar_data/lidar_data_45.csv,0,0
0x00000000,0x00000000,0x000000000000000000000000,lidar_data/lidar_data_46.csv,0,0
0x00000000,0x00000000,0x000000000000000000000000,lidar_data/lidar_data_47.csv,0,0
0x00000000,0x00000000,0x000000000000000000000000,lidar_data/lidar_data_48.csv,0,0
0x00000000,0x00000000,0x000000000000000000000000,lidar_data/lidar_data_49.csv,0,0
0x00000000,0x00000000,0x000000000000000000000000,lidar_data/lidar_data_50.csv,0,0
0x00000000,0x00000000,0x000000000000000000000000,lidar_data/lidar_data_51.csv,0,0
0x00000000,0x00000000,0x000000000000000000000000,lidar_data/lidar_data_52.csv,0,0
0x00000000,0x00000000,0x000000000000000000000000,lidar_data/lidar_data_53.csv,0,0
0x00000000,0x00000000,0x000000000000000000000000,lidar_data/lidar_data_54.csv,0,0
0x00000000,0x00000000,0x000000000000000000000000,lidar_data/lidar_data_55.csv,0,0
0x00000000,0x00000000,0x000000000000000000000000,lidar_data/lidar_data_56.csv,0,0
0x00000000,0x00000000,0x000000000000000000000000,lidar_data/lidar_data_57.csv,0,0
0x00000000,0x00000000,0x000000000000000000000000,lidar_data/lidar_data_58.csv,0,0
0x00000000,0x00000000,0x000000000000000000000000,lidar_data/lidar_data_59.csv,0,0
0x00000000,0x00000000,0x000000000000000000000000,lidar_data/lidar_data_60.csv,0,0
0x00000000,0x00000000,0x000000000000000000000000,lidar_data/lidar_data_61.csv,0,0
0x00000000,0x00000000,0x000000000000000000000000,lidar_data/lidar_data_62.csv,0,0
0x00000000,0x00000000,0x000000000000000000000000,lidar_data/lidar_data_63.csv,0,0
0x00000000,0x00000000,0x000000000000000000000000,lidar_data/lidar_data_64.csv,0,0
0x00000000,0x00000000,0x000000000000000000000000,lidar_data/lidar_data_65.csv,0,0
0x00000000,0x00000000,0x000000000000000000000000,lidar_data/lidar_data_66.csv,0,0
0x00000000,0x00000000,0x000000000000000000000000,lidar_data/lidar_data_67.csv,0,0
0x00000000,0x00000000,0x000000000000000000000000,lidar_data/lidar_data_68.csv,0,0
0x00000000,0x00000000,0x000000000000000000000000,lidar_data/lidar_data_69.csv,0,0
0x00000000,0x00000000,0x000000000000000000000000,lidar_data/lidar_data_70.csv,0,0
0x00000000,0x00000000,0x000000000000000000000000,lidar_data/lidar_data_71.csv,0,0
0x00000000,0x00000000,0x000000000000000000000000,lidar_data/lidar_data_72.csv,0,0
0x00000000,0x00000000,0x000000000000000000000000,lidar_data/lidar_data_73.csv,0,0
0x00000000,0x00000000,0x000000000000000000000000,lidar_data/lidar_data_74.csv,0,0
0x00000000,0x00000000,0x000000000000000000000000,lidar_data/lidar_data_75.csv,0,0
0x00000000,0x00000000,0x000000000000000000000000,lidar_data/lidar_data_76.csv,0,0
0x00000000,0x00000000,0x000000000000000000000000,lidar_data/lidar_data_77.csv,0,0
0x00000000,0x00000000,0x000000000000000000000000,lidar_data/lidar_data_78.csv,0,0
0x00000000,0x00000000,0x000000000000000000000000,lidar_data/lidar_data_79.csv,0,0
0x00000000,0x00000000,0x000000000000000000000000,lidar_data/lidar_data_80.csv,0,0
0x00000000,0x00000000,0x000000000000000000000000,lidar_data/lidar_data_81.csv,0,0
0x00000000,0x00000000,0x000000000000000000000000,lidar_data/lidar_data_82.csv,0,0
0x00000000,0x00000000,0x000000000000000000000000,lidar_data/lidar_data_83.csv,0,0
0x00000000,0x00000000,0x000000000000000000000000,lidar_data/lidar_data_84.csv,0,0
0x00000000,0x00000000,0x000000000000000000000000,lidar_data/lidar_data_85.csv,0,0
0x00000000,0x00000000,0x000000000000000000000000,lidar_data/lidar_data_86.csv,0,0
0x00000000,0x00000000,0x000000000000000000000000,lidar_data/lidar_data_87.csv,0,0
0x00000000,0x00000000,0x000000000000000000000000,lidar_data/lidar_data_88.csv,0,0
0x00000000,0x00000000,0x000000000000000000000000,lidar_data/lidar_data_89.csv,0,0
0x00000000,0x00000000,0x000000000000000000000000,lidar_data/lidar_data_90.csv,0,0
0x00000000,0x00000000,0x000000000000000000000000,lidar_data/lidar_data_91.csv,0,0
0x00000000,0x00000000,0x000000000000000000000000,lidar_data/lidar_data_92.csv,0,0
0x00000000,0x00000000,0x000000000000000000000000,lidar_data/lidar_data_93.csv,0,0
0x00000000,0x00000000,0x000000000000000000000000,lidar_data/lidar_data_94.csv,0,0
0x00000000,0x00000000,0x000000000000000000000000,lidar_data/lidar_data_95.csv,0,0
0x00000000,0x00000000,0x000000000000000000000000,lidar_data/lidar_data_96.csv,0,0
0x00000000,0x00000000,0x000000000000000000000000,lidar_data/lidar_data_97.csv,0,0
0x00000000,0x00000000,0x000000000000000000000000,lidar_data/lidar_data_98.csv,0,0
0x00000000,0x00000000,0x000000000000000000000000,lidar_data/lidar_data_99.csv,0,0
0x00000000,0x00000000,0x000000000000000000000000,lidar_data/lidar_data_100.csv,0,0
0x00000000,0x00000000,0x000000000000000000000000,lidar_data/lidar_data_101.csv,0,0
0x00000000,0x00000000,0x000000000000000000000000,lidar_data/lidar_data_102.csv,0,0
0x00000000,0x00000000,0x000000000000000000000000,lidar_data/lidar_data_103.csv,0,0
0x00000000,0x00000000,0x000000000000000000000000,lidar_data/lidar_data_104.csv,0,0
0x00000000,0x00000000,0x000000000000000000000000,lidar_data/lidar_data_105.csv,0,0
0x00000000,0x00000000,0x000000000000000000000000,lidar_data/lidar_data_106.csv,0,0
0x00000000,0x00000000,0x000000000000000000000000,lidar_data/lidar_data_107.csv,0,0
0x00000000,0x00000000,0x000000000000000000000000,lidar_data/lidar_data_108.csv,0,0
0x00000000,0x00000000,0x000000000000000000000000,lidar_data/lidar_data_109.csv,0,0
0x00000000,0x00000000,0x000000000000000000000000,lidar_data/lidar_data_110.csv,0,0
0x00000000,0x00000000,0x000000000000000000000000,lidar_data/lidar_data_111.csv,0,0
0x00000000,0x00000000,0x000000000000000000000000,lidar_data/lidar_data_112.csv,0,0
0x00000000,0x00000000,0x000000000000000000000000,lidar_data/lidar_data_113.csv,0,0
0x00000000,0x00000000,0x000000000000000000000000,lidar_data/lidar_data_114.csv,0,0
0x00000000,0x00000000,0x000000000000000000000000,lidar_data/lidar_data_115.csv,0,0
0x00000000,0x00000000,0x000000000000000000000000,lidar_data/lidar_data_116.csv,0,0
0x00000000,0x00000000,0x000000000000000000000000,lidar_data/lidar_data_117.csv,0,0
0x00000000,0x00000000,0x000000000000000000000000,lidar_data/lidar_data_118.csv,0,0
0x00000000,0x00000000,0x000000000000000000000000,lidar_data/lidar_data_119.csv,0,0
0x00000000,0x00000000,0x000000000000000000000000,lidar_data/lidar_data_120.csv,0,0
0x00000000,0x00000000,0x000000000000000000000000,lidar_data/lidar_data_121.csv,0,0
0x00000000,0x00000000,0x000000000000000000000000,lidar_data/lidar_data_122.csv,0,0
0x00000000,0x00000000,0x000000000000000000000000,lidar_data/lidar_data_123.csv,0,0
0x00000000,0x00000000,0x000000000000000000000000,lidar_data/lidar_data_124.csv,0,0
0x00000000,0x00000000,0x000000000000000000000000,lidar_data/lidar_data_125.csv,0,0
0x00000000,0x00000000,0x000000000000000000000000,lidar_data/lidar_data_126.csv,0,0
0x00000000,0x00000000,0x000000000000000000000000,lidar_data/lidar_data_127.csv,0,0
0x00000000,0x00000000,0x000000000000000000000000,lidar_data/lidar_data_128.csv,0,0
0x00000000,0x00000000,0x000000000000000000000000,lidar_data/lidar_data_129.csv,0,0
0x00000000,0x00000000,0x000000000000000000000000,lidar_data/lidar_data_130.csv,0,0
0x00000000,0x00000000,0x000000000000000000000000,lidar_data/lidar_data_131.csv,0,0
0x00000000,0x00000000,0x000000000000000000000000,lidar_data/lidar_data_132.csv,0,0
0x00000000,0x00000000,0x000000000000000000000000,lidar_data/lidar_data_133.csv,0,0
0x00000000,0x00000000,0x000000000000000000000000,lidar_data/lidar_data_134.csv,0,0
0x00000000,0x00000000,0x000000000000000000000000,lidar_data/lidar_data_135.csv,0,0
0x00000000,0x00000000,0x000000000000000000000000,lidar_data/lidar_data_136.csv,0,0
0x00000000,0x00000000,0x000000000000000000000000,lidar_data/lidar_data_137.csv,0,0
0x00000000,0x00000000,0x000000000000000000000000,lidar_data/lidar_data_138.csv,0,0
